{
  "cv_scores": [
    0.9113311048255764,
    0.9105987228388976,
    0.9127844683495479
  ],
  "mean_accuracy": 0.911571432004674,
  "std_accuracy": 0.0009083643630510157
}