{
  "cv_scores": [
    0.8309762578212051,
    0.8345262075172503,
    0.8343547764968071
  ],
  "mean_accuracy": 0.8332857472784209,
  "std_accuracy": 0.0016345546413698312
}